NK,sex,skull_oss,bursa_size,bursa,molt,fat,mass,supra,pect,heart,order,family,species,day,month,year,locality,elev,elev_cat,country,lat_deg,lat_min,lon_deg,lon_min,tHb,tHbcorr,hct1_column,hct1_top,hct1_bottom,Hct-middle-calculated,Hct-ratio,hct2_column,hct2_top,hct2_bottom,2ndHct-middle-calculated,2nd_Hct_ratio,wtAVG-Hct,Hemacytometer_RBC_sum_of_5grids,count notes,x5x,x10000,x200_dilution,RBCx10^6mm^3,MCV,,,,,,,,,,,,,,,,,,,,,,,,,,,,,,,,,,,,,,,,,,,,,,,,,,,,,,,,,,,,,,,,
251822,male,100,none,0,none,trace,11.64,NA,0.602,0.129,Passeriformes,Furnariidae,Phleocryptes melanops,18,July,2015,Patamo de Ite,3,l,Peru,17,55.483,70,56.302,,-1,NA,NA,NA,NA,NA,NA,NA,NA,NA,NA,NA,NA,,NA,NA,NA,NA,NA,,,,,,,,,,,,,,,,,,,,,,,,,,,,,,,,,,,,,,,,,,,,,,,,,,,,,,,,,,,,,,,,
251817,female,75,none,0,none,trace,11.8,NA,0.664,0.136,Passeriformes,Furnariidae,Phleocryptes melanops,18,July,2015,Patamo de Ite,3,l,Peru,17,55.483,70,56.302,18.5,17.5,19.99,11.97,10.31,11.14,0.557278639,8.35,5.19,3.39,4.29,0.513772455,0.544460127,460,,2300,23000000,4600000000,4.6,118.3608972,,,,,,,,,,,,,,,,,,,,,,,,,,,,,,,,,,,,,,,,,,,,,,,,,,,,,,,,,,,,,,,,
251501,male,60,no,0,none,moderado,6.89,NA,NA,0.07,Passeriformes,Tyrannidae,Tachuris rubrigastra,14,July,2016,Playa de Puerto Viejo,1,l,Peru,12,34.495,76,42.208,15.5,14.5,33.38,16.57,13.98,15.275,0.457609347,29.69,14.63,13.06,13.845,0.466318626,0.461709212,NA,,NA,NA,NA,NA,NA,,,,,,,,,,,,,,,,,,,,,,,,,,,,,,,,,,,,,,,,,,,,,,,,,,,,,,,,,,,,,,,,
251801,male,100,none,0,light molt-coverts in sheaths,moderate,13.68,NA,0.784,0.146,Passeriformes,Furnariidae,Phleocryptes melanops,17,July,2015,Patamo de Ite,3,l,Peru,17,55.483,70,56.302,15,14,36.64,17.94,13.81,15.875,0.433269651,36.49,19,13.64,16.32,0.447245821,0.440243402,324,,1620,16200000,3240000000,3.24,135.8775933,,,,,,,,,,,,,,,,,,,,,,,,,,,,,,,,,,,,,,,,,,,,,,,,,,,,,,,,,,,,,,,,
279153,male,10,4 x 5 mm,1,no wing molt; central retrices missing; moderate body molt,moderate,14,NA,NA,0.186,Passeriformes,Furnariidae,Phleocryptes melanops,23,January,2019,Estero Mantagua,8,l,Chile,32,53.096,71,30.49,19.5,18.5,53,29.7,28.2,28.95,0.546226415,65.29,35.89,32.87,34.38,0.526573748,0.535379153,511,,2555,25550000,5110000000,5.11,104.7708714,,,,,,,,,,,,,,,,,,,,,,,,,,,,,,,,,,,,,,,,,,,,,,,,,,,,,,,,,,,,,,,,
251498,male,50,no,0,none,moderado,13.7,NA,NA,NA,Passeriformes,Furnariidae,Phleocryptes melanops,13,July,2016,Playa de Puerto Viejo,1,l,Peru,12,34.495,76,42.208,16.4,15.4,22.95,14.97,13.39,14.18,0.617864924,19.63,10.4,8.55,9.475,0.482679572,0.555542508,NA,,NA,NA,NA,NA,NA,,,,,,,,,,,,,,,,,,,,,,,,,,,,,,,,,,,,,,,,,,,,,,,,,,,,,,,,,,,,,,,,
251357,male,80,none,0,"moderate head, neck, body molt",trace,8.87,0.058,0.404,0.098,Passeriformes,Tyrannidae,Tachuris rubrigastra,26,March,2015,Viscachuni,3828,h,Peru,15,48.406,69,59.503,18.6,17.6,20.54,12.18,10.02,11.1,0.540408958,29.6,18.79,15.26,17.025,0.575168919,0.560929398,416,,2080,20800000,4160000000,4.16,134.8387975,,,,,,,,,,,,,,,,,,,,,,,,,,,,,,,,,,,,,,,,,,,,,,,,,,,,,,,,,,,,,,,,
279155,unkown,5,6 x 7 mm,1,no wing/tail molt; moderate body molt,light,14.4,0.212,0.368,0.18,Passeriformes,Furnariidae,Phleocryptes melanops,23,January,2019,Estero Mantagua,8,l,Chile,32,53.096,71,30.49,16.4,15.4,56.32,27.51,24.6,26.055,0.46262429,65.33,33.15,27.39,30.27,0.463339966,0.463008631,423,,2115,21150000,4230000000,4.23,109.4583053,,,,,,,,,,,,,,,,,,,,,,,,,,,,,,,,,,,,,,,,,,,,,,,,,,,,,,,,,,,,,,,,
251362,male,90,7x4mm,1,tail in sheath,trace,16.14,0.124,0.692,0.164,Passeriformes,Furnariidae,Phleocryptes melanops,26,March,2015,Viscachuni,3828,h,Peru,15,48.406,69,59.503,17.5,16.5,36.03,18.94,17.23,18.085,0.501942825,35.64,20.11,16.31,18.21,0.510942761,0.506418306,401,,2005,20050000,4010000000,4.01,126.2888544,,,,,,,,,,,,,,,,,,,,,,,,,,,,,,,,,,,,,,,,,,,,,,,,,,,,,,,,,,,,,,,,
279145,male,50,none,0,light body,moderate,16.4,0.12,0.71,0.186,Passeriformes,Furnariidae,Phleocryptes melanops,23,January,2019,Estero Mantagua,8,l,Chile,32,53.096,71,30.49,15.5,14.5,49.03,23.9,21.96,22.93,0.467672853,39.11,17.71,13.92,15.815,0.404372283,0.439584752,360,,1800,18000000,3600000000,3.6,122.1068754,,,,,,,,,,,,,,,,,,,,,,,,,,,,,,,,,,,,,,,,,,,,,,,,,,,,,,,,,,,,,,,,
251342,male,20,none,0,moderate head and body molt,trace,16.4,0.116,0.648,0.164,Passeriformes,Furnariidae,Phleocryptes melanops,25,March,2015,Viscachuni,3828,h,Peru,15,48.406,69,59.503,16.4,15.4,18.53,10.78,7.78,9.28,0.500809498,19.98,11.63,9.31,10.47,0.524024024,0.512853804,342,,1710,17100000,3420000000,3.42,149.9572527,,,,,,,,,,,,,,,,,,,,,,,,,,,,,,,,,,,,,,,,,,,,,,,,,,,,,,,,,,,,,,,,
251350,female,30,6x5mm,1,"primary-8,1 unsheath symetrical",light,18.16,0.106,0.662,0.168,Passeriformes,Furnariidae,Phleocryptes melanops,25,March,2015,Viscachuni,3828,h,Peru,15,48.406,69,59.503,16.6,15.6,22.3,12.04,9.46,10.75,0.48206278,21.04,12.86,8.42,10.64,0.505703422,0.493539455,383,,1915,19150000,3830000000,3.83,128.8614766,,,,,,,,,,,,,,,,,,,,,,,,,,,,,,,,,,,,,,,,,,,,,,,,,,,,,,,,,,,,,,,,
251347,male,70,6x5mm,1,neck body tail wing,trace,15.86,0.106,0.806,0.224,Passeriformes,Furnariidae,Phleocryptes melanops,25,March,2015,Viscachuni,3828,h,Peru,15,48.406,69,59.503,17.7,16.7,19.16,10.21,8.39,9.3,0.485386221,13.26,8.09,6.05,7.07,0.533182504,0.504935225,NA,,NA,NA,NA,NA,NA,,,,,,,,,,,,,,,,,,,,,,,,,,,,,,,,,,,,,,,,,,,,,,,,,,,,,,,,,,,,,,,,
278514,female,20,none,0,none,light,12.03,0.102,0.72,0.188,Passeriformes,Furnariidae,Phleocryptes melanops,7,December,2017,Puerto Morin,0,l,Peru,8,25.6,78,54.249,18.9,17.9,12.03,7.28,4.95,6.115,0.508312552,19.95,10.93,8.76,9.845,0.493483709,0.499061914,357,,1785,17850000,3570000000,3.57,139.7932531,,,,,,,,,,,,,,,,,,,,,,,,,,,,,,,,,,,,,,,,,,,,,,,,,,,,,,,,,,1,,,,15 min,,whole blood saved
251540,male,20,none,0,trace head molt,light,15.38,0.1,0.754,NA,Passeriformes,Furnariidae,Phleocryptes melanops,16,January,2017,Ondores,4061,h,Peru,11,3.378,76,9.369,15.5,14.5,37.36,21.59,19.41,20.5,0.548715203,35.12,19.35,17.5,18.425,0.524629841,0.537044702,429,,2145,21450000,4290000000,4.29,125.1852452,,,,,,,,,,,,,,,,,,,,,,,,,,,,,,,,,,,,,,,,,,,,,,,,,,,,,,,,,,,,,,,,
251538,male,10,none,0,trace body molt,moderate,14.46,0.096,0.644,0.218,Passeriformes,Furnariidae,Phleocryptes melanops,15,January,2017,Ondores,4050,h,Peru,11,3.325,76,9.391666667,16.1,15.1,31.88,15.61,12.62,14.115,0.442754078,NA,NA,NA,NA,NA,NA,422,,2110,21100000,4220000000,4.22,NA,,,,,,,,,,,,,,,,,,,,,,,,,,,,,,,,,,,,,,,,,,,,,,,,,,,,,,,,,,,,,,,,
278515,female,20,5 x 4 mm,1,none,light,11.78,0.096,0.685,0.202,Passeriformes,Furnariidae,Phleocryptes melanops,7,December,2017,Puerto Morin,0,l,Peru,8,25.548,78,54.123,20.2,19.2,11.49,8.09,5.52,6.805,0.592254134,15.76,10.71,7.89,9.3,0.590101523,0.591009174,454,,2270,22700000,4540000000,4.54,130.1782322,,,,,,,,,,,,,,,,,,,,,,,,,,,,,,,,,,,,,,,,,,,,,,,,,,,,,,,,,,1,,,,20 min,,
251351,male,40,no,0,moderado por todo el cuerpo,moderado,15.82,0.096,0.724,0.204,Passeriformes,Furnariidae,Phleocryptes melanops,25,March,2015,Viscachuni,3828,h,Peru,15,48.406,69,59.503,17.1,16.1,22.23,12.35,9.97,11.16,0.502024291,22.48,14.64,9.51,12.075,0.537144128,0.519682398,415,,2075,20750000,4150000000,4.15,125.2246741,,,,,,,,,,,,,,,,,,,,,,,,,,,,,,,,,,,,,,,,,,,,,,,,,,,,,,,,,,,,,,,,
278509,female,20,3.5 x 3.5 mm,1,moderate body,light,12.29,0.092,0.558,NA,Passeriformes,Furnariidae,Phleocryptes melanops,6,December,2017,Puerto Morin,0,l,Peru,8,25.548,78,54.123,17.7,16.7,23.4,13.87,10.96,12.415,0.530555556,17.35,10.15,7.76,8.955,0.516138329,0.524417178,NA,,NA,NA,NA,NA,NA,,,,,,,,,,,,,,,,,,,,,,,,,,,,,,,,,,,,,,,,,,,,,,,,,,,,,,,,,,1,,,,1 hr,,
251535,female,20,none,0,trace head molt,light,15.57,0.092,0.68,0.204,Passeriformes,Furnariidae,Phleocryptes melanops,14,January,2017,Ondores,4060,h,Peru,11,3.325,76,9.391666667,17.7,16.7,41.81,24.87,22.11,23.49,0.561827314,23.35,14.81,11.43,13.12,0.561884368,0.561847759,421,,2105,21050000,4210000000,4.21,133.4555248,,,,,,,,,,,,,,,,,,,,,,,,,,,,,,,,,,,,,,,,,,,,,,,,,,,,,,,,,,,,,,,,
278506,male,30,no,0,si leve parate de ala,moderado,15.33,0.092,0.858,0.204,Passeriformes,Furnariidae,Phleocryptes melanops,6,December,2017,Puerto Morin,0,l,Peru,8,25.548,78,54.123,18.5,17.5,28.26,17.16,13.73,15.445,0.546532201,39.2,21.32,18.82,20.07,0.511989796,0.526460125,343,,1715,17150000,3430000000,3.43,153.4869168,,,,,,,,,,,,,,,,,,,,,,,,,,,,,,,,,,,,,,,,,,,,,,,,,,,,,,,,,,1,,,,30 min,,
251340,male,0,6x6mm,1,trace head,trace,15.14,0.09,0.554,0.178,Passeriformes,Furnariidae,Phleocryptes melanops,25,March,2015,Viscachuni,3828,h,Peru,15,48.406,69,59.503,16.8,15.8,14.24,9.03,6.23,7.63,0.535814607,8.98,3.11,1.4,2.255,0.251113586,0.425710594,336,,1680,16800000,3360000000,3.36,126.6995816,,,,,,,,,,,,,,,,,,,,,,,,,,,,,,,,,,,,,,,,,,,,,,,,,,,,,,,,,,,,,,,,
251356,male,100,none,0,molt on body(back) legs and neck,trace,16.36,0.09,0.674,0.196,Passeriformes,Furnariidae,Phleocryptes melanops,26,March,2015,Viscachuni,3828,h,Peru,15,48.406,69,59.503,17.5,16.5,30.1,18.39,14.46,16.425,0.545681063,NA,NA,NA,NA,NA,NA,406,,2030,20300000,4060000000,4.06,NA,,,,,,,,,,,,,,,,,,,,,,,,,,,,,,,,,,,,,,,,,,,,,,,,,,,,,,,,,,,,,,,,
278519,male,30,none,0,none,trace,13.12,0.09,0.764,0.2,Passeriformes,Furnariidae,Phleocryptes melanops,7,December,2017,Puerto Morin,-1,l,Peru,8,25.597,78,54.225,20.4,19.4,24.25,16.84,12.77,14.805,0.610515464,21.97,14.55,10.91,12.73,0.579426491,0.595737776,458,,2290,22900000,4580000000,4.58,130.0737502,,,,,,,,,,,,,,,,,,,,,,,,,,,,,,,,,,,,,,,,,,,,,,,,,,,,,,,,,,1,,,,49 min,,whole blood saved?
278535,male,30,no,0,si leve,moderado,14.66,0.088,0.826,0.144,Passeriformes,Furnariidae,Phleocryptes melanops,11,December,2017,Laguna Napique,4,l,Peru,5,31.028,80,42.225,16.5,15.5,30.11,15.36,12.68,14.02,0.465626038,30.06,14.52,12.64,13.58,0.45176314,0.458700349,347,,1735,17350000,3470000000,3.47,132.1903023,,,,,,,,,,,,,,,,,,,,,,,,,,,,,,,,,,,,,,,,,,,,,,,,,,,,,,,,,,1,,,,50 min,,whole blood saved wrong NK on tube should be 278535
278521,female,20,none,0,trace body molt,light,12.15,0.086,0.628,0.178,Passeriformes,Furnariidae,Phleocryptes melanops,7,December,2017,Puerto Morin,0,l,Peru,8,25.6,78,54.249,16.7,15.7,42.76,20.24,17.48,18.86,0.441066417,48.18,23.21,20.59,21.9,0.454545455,0.448207609,341,,1705,17050000,3410000000,3.41,131.4391816,,,,,,,,,,,,,,,,,,,,,,,,,,,,,,,,,,,,,,,,,,,,,,,,,,,,,,,,,,0,,,,20 min,,whole blood saved
278507,female,10,not found,0,light body,moderate ,12.31,0.086,0.628,0.17,Passeriformes,Furnariidae,Phleocryptes melanops,6,December,2017,Puerto Morin,0,l,Peru,8,25.597,78,54.225,18.7,17.7,NA,NA,NA,NA,NA,NA,NA,NA,NA,NA,NA,590,,2950,29500000,NA,NA,NA,,,,,,,,,,,,,,,,,,,,,,,,,,,,,,,,,,,,,,,,,,,,,,,,,,,,,,,,,,1,,,,40 min,,"bad spin!!!, whole blood saved"
251503,male,50,no,0,none,moderado,14.28,0.086,0.728,0.164,Passeriformes,Furnariidae,Phleocryptes melanops,14,July,2016,Playa de Puerto Viejo,1,l,Peru,12,34.495,76,42.208,15.6,14.6,42.58,19.67,18.39,19.03,0.446923438,41.75,19.71,17.54,18.625,0.446107784,0.446519625,NA,,NA,NA,NA,NA,NA,,,,,,,,,,,,,,,,,,,,,,,,,,,,,,,,,,,,,,,,,,,,,,,,,,,,,,,,,,,,,,,,
278540,female,20,6 x 4 mm,1,trace body,moderate,12.85,0.084,0.628,0.134,Passeriformes,Furnariidae,Phleocryptes melanops,11,December,2017,Laguna Napique,6,l,Peru,5,31.026,80,42.232,17.7,16.7,28.14,18.4,10.24,14.32,0.508884151,24.9,13.43,11.32,12.375,0.496987952,0.503299397,570,,2850,28500000,5700000000,5.7,88.29813977,,,,,,,,,,,,,,,,,,,,,,,,,,,,,,,,,,,,,,,,,,,,,,,,,,,,,,,,,,1,,,,30 min,,
251529,male,10,none,0,"P 1-2 in sheath left; P 1, S 1 in sheath right; undertail coverts in molt; light body /head molt",light,16.06,0.084,0.75,0.19,Passeriformes,Furnariidae,Phleocryptes melanops,12,January,2017,Ondores,4060,h,Peru,11,3.298,76,9.394,18.8,17.8,47.44,26.49,23.99,25.24,0.532040472,41,23.83,20.77,22.3,0.543902439,0.537539575,499,,2495,24950000,4990000000,4.99,107.7233617,,,,,,,,,,,,,,,,,,,,,,,,,,,,,,,,,,,,,,,,,,,,,,,,,,,,,,,,,,,,,,,,
251815,female,10,none,0,moderate body head,trace,12.16,0.082,0.528,0.126,Passeriformes,Furnariidae,Phleocryptes melanops,18,July,2015,Patamo de Ite,3,l,Peru,17,55.483,70,56.302,16.1,15.1,41.22,18.33,16.74,17.535,0.425400291,31.07,14.75,13.43,14.09,0.453492115,0.437474063,376,,1880,18800000,3760000000,3.76,116.3494848,,,,,,,,,,,,,,,,,,,,,,,,,,,,,,,,,,,,,,,,,,,,,,,,,,,,,,,,,,,,,,,,
278517,male,10,3 x 3 mm,1,trace body,light,14.11,0.082,0.732,0.18,Passeriformes,Furnariidae,Phleocryptes melanops,7,December,2017,Puerto Morin,0,l,Peru,8,25.6,78,54.249,14.7,13.7,17.23,8.9,5.14,7.02,0.407428903,24.07,11.58,8.19,9.885,0.410677192,0.409322034,343,,1715,17150000,3430000000,3.43,119.3358699,,,,,,,,,,,,,,,,,,,,,,,,,,,,,,,,,,,,,,,,,,,,,,,,,,,,,,,,,,1,,,,40 min,,
251500,female,10,not found,0,trace head,light,12.07,0.08,0.598,0.148,Passeriformes,Furnariidae,Phleocryptes melanops,14,July,2016,Playa de Puerto Viejo,1,l,Peru,12,34.495,76,42.208,14.5,13.5,32.67,16.14,12.91,14.525,0.44459749,31.13,15.26,11.91,13.585,0.43639576,0.440595611,NA,,NA,NA,NA,NA,NA,,,,,,,,,,,,,,,,,,,,,,,,,,,,,,,,,,,,,,,,,,,,,,,,,,,,,,,,,,,,,,,,
251533,male,10,3 x 2 mm ,1,missing some retrices,trace,13.5,0.08,0.624,0.166,Passeriformes,Furnariidae,Phleocryptes melanops,14,January,2017,Ondores,4056,h,Peru,11,3.298,76,9.394,16.9,15.9,35.23,15.22,13.17,14.195,0.402923645,13.56,7.89,4.59,6.24,0.460176991,0.418835827,348,,1740,17400000,3480000000,3.48,120.3551227,,,,,,,,,,,,,,,,,,,,,,,,,,,,,,,,,,,,,,,,,,,,,,,,,,,,,,,,,,,,,,,,
251828,female,20,,0,trace head/neck,trace,11.37,0.078,0.48,0.094,Passeriformes,Furnariidae,Phleocryptes melanops,19,July,2015,Patamo de Ite,3,l,Peru,17,55.483,70,56.302,,-1,NA,NA,NA,NA,NA,NA,NA,NA,NA,NA,NA,NA,,NA,NA,NA,NA,NA,,,,,,,,,,,,,,,,,,,,,,,,,,,,,,,,,,,,,,,,,,,,,,,,,,,,,,,,,,,,,,,,
251800,male,10,none,0,"moderate head; R6,5,4 left in sheath",light,12.08,0.078,0.518,0.144,Passeriformes,Furnariidae,Phleocryptes melanops,17,July,2015,Patamo de Ite,3,l,Peru,17,55.483,70,56.302,14.1,13.1,24.82,11.9,8.86,10.38,0.41821112,22.22,10.18,7.35,8.765,0.394464446,0.406994048,334,,1670,16700000,3340000000,3.34,121.8545053,,,,,,,,,,,,,,,,,,,,,,,,,,,,,,,,,,,,,,,,,,,,,,,,,,,,,,,,,,,,,,,,
278533,male,30,4 x 3 mm,1,trace body molt,trace,13.65,0.078,0.706,0.158,Passeriformes,Furnariidae,Phleocryptes melanops,11,December,2017,Laguna Napique,3,l,Peru,5,31.059,80,42.232,18.8,17.8,33.68,17.45,14.5,15.975,0.474317102,24.56,13.73,10.85,12.29,0.500407166,0.485319368,343,,1715,17150000,3430000000,3.43,141.4925272,,,,,,,,,,,,,,,,,,,,,,,,,,,,,,,,,,,,,,,,,,,,,,,,,,,,,,,,,,1,,,,40 min,,whole blood saved wrong NK on tube should be 278533
279149,male,20,4 x 3 mm,1,moderate head and body,light,13.8,0.076,0.512,0.156,Passeriformes,Furnariidae,Phleocryptes melanops,23,January,2019,Estero Mantagua,8,l,Chile,32,53.096,71,30.49,14.8,13.8,51.47,21.95,20.32,21.135,0.41062755,29.57,13.68,11.73,12.705,0.429658438,0.41757157,511,,2555,25550000,5110000000,5.11,81.71654982,,,,,,,,,,,,,,,,,,,,,,,,,,,,,,,,,,,,,,,,,,,,,,,,,,,,,,,,,,,,,,,,
278534,female,30,6 x 3 mm,1,none,trace,12.34,0.076,0.532,0.15,Passeriformes,Furnariidae,Phleocryptes melanops,11,December,2017,Laguna Napique,6,l,Peru,5,31.026,80,42.232,15.9,14.9,24.09,12.1,10.45,11.275,0.46803653,27.41,15.5,11.96,13.73,0.500912076,0.485533981,371,,1855,18550000,3710000000,3.71,130.8716929,,,,,,,,,,,,,,,,,,,,,,,,,,,,,,,,,,,,,,,,,,,,,,,,,,,,,,,,,,1,,,,45 min,,whole blood saved wrong NK on tube should be 278534
251516,female,60,no ,0,leve parte cuello,moderado,12.67,0.076,0.61,0.156,Passeriformes,Furnariidae,Phleocryptes melanops,15,July,2016,Playa de Puerto Viejo,1,l,Peru,12,34.495,76,42.208,15.7,14.7,41.31,19.62,18.29,18.955,0.458847737,39.76,18.59,17.51,18.05,0.453973843,0.456457383,NA,,NA,NA,NA,NA,NA,,,,,,,,,,,,,,,,,,,,,,,,,,,,,,,,,,,,,,,,,,,,,,,,,,,,,,,,,,,,,,,,
278529,male,60,not found,0,none,light,14.28,0.074,0.668,0.15,Passeriformes,Furnariidae,Phleocryptes melanops,10,December,2017,Laguna Napique,4,l,Peru,,,,,18.8,17.8,19.35,10.22,7.3,8.76,0.452713178,13.14,8.28,3.88,6.08,0.462709285,0.456755925,467,,2335,23350000,4670000000,4.67,97.8064079,,,,,,,,,,,,,,,,,,,,,,,,,,,,,,,,,,,,,,,,,,,,,,,,,,,,,,,,,,1,,,,not noted,,
251352,male,40,none,0,"symmetrical-S6, Rt, R2, heavy body head neck",light,17.3,0.072,0.204,0.194,Passeriformes,Furnariidae,Phleocryptes melanops,25,March,2015,Viscachuni,3828,h,Peru,15,48.406,69,59.503,15.9,14.9,16.06,8.92,5.77,7.345,0.457347447,17.72,9.19,7.12,8.155,0.460214447,0.458851391,369,,1845,18450000,3690000000,3.69,124.3499706,,,,,,,,,,,,,,,,,,,,,,,,,,,,,,,,,,,,,,,,,,,,,,,,,,,,,,,,,,,,,,,,
251530,female,10,none,0,trace head molt,light,12.86,0.07,0.586,0.16,Passeriformes,Furnariidae,Phleocryptes melanops,13,January,2017,Ondores,4060,h,Peru,11,3.298,76,9.394,14.1,13.1,32.57,18.94,16.2,17.57,0.539453485,35.21,20.44,18.5,19.47,0.552967907,0.546473886,394,,1970,19700000,3940000000,3.94,138.6989559,,,,,,,,,,,,,,,,,,,,,,,,,,,,,,,,,,,,,,,,,,,,,,,,,,,,,,,,,,,,,,,,
278531,female,50,4 x 3 mm,1,none,light,12.4,0.07,0.632,0.146,Passeriformes,Furnariidae,Phleocryptes melanops,11,December,2017,Laguna Napique,3,l,Peru,5,31.028,80,42.225,17,16,NA,NA,NA,NA,NA,NA,NA,NA,NA,NA,NA,NA,,NA,NA,NA,NA,NA,,,,,,,,,,,,,,,,,,,,,,,,,,,,,,,,,,,,,,,,,,,,,,,,,,,,,,,,,,1,,,,30 min,,"maybe bad dilution? photos still taken, Hct saved but not measured, bad spin"
278548,male,30,8 x 4 mm,1,none,abundante,14.18,0.07,0.656,0.178,Passeriformes,Furnariidae,Phleocryptes melanops,11,December,2017,Laguna Napique,4,l,Peru,5,31.028,80,42.225,15.8,14.8,32.99,15.52,13.42,14.47,0.438617763,28.04,13.12,10.89,12.005,0.428138374,0.433803048,438,,2190,21900000,4380000000,4.38,99.04179171,,,,,,,,,,,,,,,,,,,,,,,,,,,,,,,,,,,,,,,,,,,,,,,,,,,,,,,,,,1,,,,60 min,,whole blood saved
278510,male,80,not found,0,"light body, R 3 - 5 in sheath",trace,12.97,0.07,0.656,0.132,Passeriformes,Furnariidae,Phleocryptes melanops,6,December,2017,Puerto Morin,-1,l,Peru,8,25.597,78,54.225,17.3,16.3,27.63,14.49,11.89,13.19,0.47737966,17.51,9.14,7.37,8.255,0.471444889,0.475077537,NA,,NA,NA,NA,NA,NA,,,,,,,,,,,,,,,,,,,,,,,,,,,,,,,,,,,,,,,,,,,,,,,,,,,,,,,,,,0,,,,1.5 hr,,no dilution?
251552,female,20,none,0,none,trace,14.83,0.07,0.696,0.212,Passeriformes,Furnariidae,Phleocryptes melanops,17,January,2017,Ondores,4061,h,Peru,11,3.378,76,9.369,16.6,15.6,56.19,30.11,27.33,28.72,0.511122976,NA,NA,NA,NA,NA,NA,667,,3335,33350000,6670000000,6.67,NA,,,,,,,,,,,,,,,,,,,,,,,,,,,,,,,,,,,,,,,,,,,,,,,,,,,,,,,,,,,,,,,,
278530,male,30,7 x 4 mm,1,si leve,moderado,15.29,0.07,0.728,0.198,Passeriformes,Furnariidae,Phleocryptes melanops,10,December,2017,Laguna Napique,6,l,Peru,5,31.026,80,42.232,18.7,17.7,25.48,13.68,8.79,11.235,0.440934066,18.52,10.19,7.7,8.945,0.482991361,0.458636364,411,,2055,20550000,4110000000,4.11,111.5903561,,,,,,,,,,,,,,,,,,,,,,,,,,,,,,,,,,,,,,,,,,,,,,,,,,,,,,,,,,1,,,,not noted,,
279146,male,20,4 x 3 mm,1,moderate head and body molt,light,15.1,0.068,0.446,0.146,Passeriformes,Furnariidae,Phleocryptes melanops,23,January,2019,Estero Mantagua,8,l,Chile,32,53.096,71,30.49,15.1,14.1,58.18,22.72,19.87,21.295,0.366019251,53.89,25.05,22.46,23.755,0.440805344,0.401980905,448,,2240,22400000,4480000000,4.48,89.72788053,,,,,,,,,,,,,,,,,,,,,,,,,,,,,,,,,,,,,,,,,,,,,,,,,,,,,,,,,,,,,,,,
278532,female,20,none,0,moderate body,light,12.65,0.068,0.566,0.138,Passeriformes,Furnariidae,Phleocryptes melanops,11,December,2017,Laguna Napique,3,l,Peru,5,31.059,80,42.232,17.7,16.7,36.59,16.99,15.2,16.095,0.439874283,23.68,12,8.98,10.49,0.442989865,0.441098391,426,,2130,21300000,4260000000,4.26,103.5442231,,,,,,,,,,,,,,,,,,,,,,,,,,,,,,,,,,,,,,,,,,,,,,,,,,,,,,,,,,1,,,,35 min,,whole blood saved wrong NK on tube should be 278532
251517,female,60,4x3mm,1,none,moderado,11.39,0.068,0.592,0.156,Passeriformes,Furnariidae,Phleocryptes melanops,15,July,2016,Playa de Puerto Viejo,1,l,Peru,12,34.495,76,42.208,16.1,15.1,33.45,16.93,15.12,16.025,0.479073244,31.88,16.2,14.61,15.405,0.483218319,0.481095974,NA,,NA,NA,NA,NA,NA,,,,,,,,,,,,,,,,,,,,,,,,,,,,,,,,,,,,,,,,,,,,,,,,,,,,,,,,,,,,,,,,
278508,female,20,no,0,si abundante cobeja y etaldo,si moderado,12.93,0.068,0.69,0.166,Passeriformes,Furnariidae,Phleocryptes melanops,6,December,2017,Puerto Morin,0,l,Peru,8,25.548,78,54.123,15.5,14.5,22.73,11.74,9.3,10.52,0.462824461,21.93,12.58,9.36,10.97,0.500227998,0.481191223,NA,,NA,NA,NA,NA,NA,,,,,,,,,,,,,,,,,,,,,,,,,,,,,,,,,,,,,,,,,,,,,,,,,,,,,,,,,,1,,,,1 hr,,
251508,male,40,2x2mm,1,trace head molt,heavy,15.51,0.068,0.744,0.198,Passeriformes,Furnariidae,Phleocryptes melanops,14,July,2016,Playa de Puerto Viejo,1,l,Peru,12,34.495,76,42.208,16.7,15.7,26.76,13.7,12.32,13.01,0.486173393,31.11,15.68,14.3,14.99,0.481838637,0.483843097,NA,,NA,NA,NA,NA,NA,,,,,,,,,,,,,,,,,,,,,,,,,,,,,,,,,,,,,,,,,,,,,,,,,,,,,,,,,,,,,,,,
251499,male,40,none,0,tail feathers fell out at capture.`,light,13.01,0.068,0.744,0.228,Passeriformes,Furnariidae,Phleocryptes melanops,14,July,2016,Playa de Puerto Viejo,1,l,Peru,12,34.495,76,42.208,16.2,15.2,30.73,14.17,11.79,12.98,0.422388545,NA,NA,NA,NA,NA,NA,NA,,NA,NA,NA,NA,NA,,,,,,,,,,,,,,,,,,,,,,,,,,,,,,,,,,,,,,,,,,,,,,,,,,,,,,,,,,,,,,,,
251532,male,10,none,0,"P 1-2 in sheath symmetrical, undertail coverts in molt, light body and head molt",moderate,14.98,0.068,0.748,0.28,Passeriformes,Furnariidae,Phleocryptes melanops,13,January,2017,Ondores,4060,h,Peru,11,3.298,76,9.394,20.3,19.3,44.94,26.33,24.01,25.17,0.560080107,36.16,20.37,17.8,19.085,0.527793142,0.54568434,619,,3095,30950000,6190000000,6.19,88.15579004,,,,,,,,,,,,,,,,,,,,,,,,,,,,,,,,,,,,,,,,,,,,,,,,,,,,,,,,,,,,,,,,
251807,male,100,none,0,none,trace,7.4,NA,0.564,0.086,Passeriformes,Tyrannidae,Tachuris rubrigastra,17,July,2015,Patamo de Ite,3,l,Peru,17,55.483,70,56.302,16.9,15.9,31.47,16.53,14.44,15.485,0.492055926,18.32,10.52,7.71,9.115,0.497543668,0.494075115,302,MAY BE BAD COUNT CELLS NOT SETTLED!!!!,1510,15100000,3020000000,3.02,163.6010316,,,,,,,,,,,,,,,,,,,,,,,,,,,,,,,,,,,,,,,,,,,,,,,,,,,,,,,,,,,,,,,,
279147,male,20,7 x 3 mm,1,moderate head and body,trace,15.6,0.066,0.522,0.152,Passeriformes,Furnariidae,Phleocryptes melanops,23,January,2019,Estero Mantagua,8,l,Chile,32,53.096,71,30.49,16.7,15.7,53.95,27.79,26.11,26.95,0.499536608,53.41,27.45,25.15,26.3,0.49241715,0.495994784,528,,2640,26400000,5280000000,5.28,93.93840604,,,,,,,,,,,,,,,,,,,,,,,,,,,,,,,,,,,,,,,,,,,,,,,,,,,,,,,,,,,,,,,,
279156,female,20,not present,0,"entire tail in sheath, symmetrical P7, S1, 2; moderate head and body",trace,13.7,0.066,0.538,0.15,Passeriformes,Furnariidae,Phleocryptes melanops,23,January,2019,Estero Mantagua,8,l,Chile,32,53.096,71,30.49,14.3,13.3,25.64,12.37,8.47,10.42,0.406396256,16.29,7.71,5.55,6.63,0.406998158,0.406630098,382,,1910,19100000,3820000000,3.82,106.4476696,,,,,,,,,,,,,,,,,,,,,,,,,,,,,,,,,,,,,,,,,,,,,,,,,,,,,,,,,,,,,,,,
278546,female,10,8 x 4 mm,1,none,light,12.55,0.066,0.664,0.172,Passeriformes,Furnariidae,Phleocryptes melanops,11,December,2017,Laguna Napique,6,l,Peru,5,31.026,80,42.232,19.1,18.1,21.46,11.87,10.23,11.05,0.514911463,31.22,16.31,14.47,15.39,0.492953235,0.501898254,496,,2480,24800000,4960000000,4.96,101.189164,,,,,,,,,,,,,,,,,,,,,,,,,,,,,,,,,,,,,,,,,,,,,,,,,,,,,,,,,,1,,,,60 min,,whole blood saved
251539,female,20,none,0,light body molt (back),light,14.44,0.066,0.776,0.252,Passeriformes,Furnariidae,Phleocryptes melanops,15,January,2017,Ondores,4061,h,Peru,11,3.378,76,9.369,19.2,18.2,17.78,11.28,9.57,10.425,0.586332958,10.09,6.99,5.07,6.03,0.597621407,0.590419806,466,,2330,23300000,4660000000,4.66,126.6995292,,,,,,,,,,,,,,,,,,,,,,,,,,,,,,,,,,,,,,,,,,,,,,,,,,,,,,,,,,,,,,,,
251543,male,10,none,0,"lost several retrices while bleeding, no molt",light,8.26,0.05,0.43,0.104,Passeriformes,Tyrannidae,Tachuris rubrigastra,16,January,2017,Ondores,4058,h,Peru,11,3.35,76,9.36,18.8,17.8,27.98,17.33,14.53,15.93,0.569335239,10.89,6.16,4.56,5.36,0.492194674,0.54772318,441,,2205,22050000,4410000000,4.41,124.2002675,,,,,,,,,,,,,,,,,,,,,,,,,,,,,,,,,,,,,,,,,,,,,,,,,,,,,,,,,,,,,,,,
251550,male,20,none,0,none,light,6.41,0.042,0.42,0.128,Passeriformes,Tyrannidae,Tachuris rubrigastra,17,January,2017,Ondores,4058,h,Peru,11,3.35,76,9.36,,-1,42.43,22.2,20.74,21.47,0.506009899,40.89,21.47,12.29,16.88,0.412814869,0.460273644,447,,2235,22350000,4470000000,4.47,102.9694953,,,,,,,,,,,,,,,,,,,,,,,,,,,,,,,,,,,,,,,,,,,,,,,,,,,,,,,,,,,,,,,,
278503,female,20,not found,0,none,trace,13.23,0.062,0.646,0.168,Passeriformes,Furnariidae,Phleocryptes melanops,5,December,2017,Puerto Morin,-1,l,Peru,8,25.597,78,54.225,18,17,34.84,19.5,15.9,17.7,0.508036739,26.39,6.67,4.67,5.67,0.214854111,0.381675649,NA,,NA,NA,NA,NA,NA,,,,,,,,,,,,,,,,,,,,,,,,,,,,,,,,,,,,,,,,,,,,,,,,,,,,,,,,,,1,,,,40 min,,
251821,male,25,none,0,none,trace,7.97,0.056,0.414,0.084,Passeriformes,Tyrannidae,Tachuris rubrigastra,18,July,2015,Patamo de Ite,3,l,Peru,17,55.483,70,56.302,16.3,15.3,35.98,18.83,16.95,17.89,0.497220678,32.97,18.67,15.13,16.9,0.5125872,0.504568528,311,,1555,15550000,3110000000,3.11,162.2406842,,,,,,,,,,,,,,,,,,,,,,,,,,,,,,,,,,,,,,,,,,,,,,,,,,,,,,,,,,,,,,,,
251546,male,30,none,0,P 2-3 in sheath on right; P 3 in sheath on left; light body and head molt,light,14.93,0.06,0.706,0.182,Passeriformes,Furnariidae,Phleocryptes melanops,17,January,2017,Ondores,4058,h,Peru,11,3.35,76,9.36,18,17,40.45,24.63,21.4,23.015,0.568974042,17.74,10.12,6.84,8.48,0.478015784,0.5412442,444,,2220,22200000,4440000000,4.44,121.9018469,,,,,,,,,,,,,,,,,,,,,,,,,,,,,,,,,,,,,,,,,,,,,,,,,,,,,,,,,,,,,,,,
251551,male,50,none,0,none,moderate,14.58,0.06,0.724,0.192,Passeriformes,Furnariidae,Phleocryptes melanops,17,January,2017,Ondores,4058,h,Peru,11,3.35,76,9.36,16.9,15.9,34.38,20.5,17.74,19.12,0.556137289,20.64,13.18,9.55,11.365,0.550629845,0.554071247,281,,1405,14050000,2810000000,2.81,197.1783797,,,,,,,,,,,,,,,,,,,,,,,,,,,,,,,,,,,,,,,,,,,,,,,,,,,,,,,,,,,,,,,,
278501,male,80,no,0,none,abundante,7.5,0.052,0.412,0.102,Passeriformes,Tyrannidae,Tachuris rubrigastra,5,December,2017,Puerto Morin,-1,l,Peru,8,25.597,78,54.225,17.8,16.8,19.82,11.55,10.01,10.78,0.543895055,NA,NA,NA,NA,NA,NA,NA,,NA,NA,NA,NA,NA,,,,,,,,,,,,,,,,,,,,,,,,,,,,,,,,,,,,,,,,,,,,,,,,,,,,,,,,,,,,,,,,
251808,male,100,none,0,moderate body head and neck,moderate,14.6,0.058,0.54,0.158,Passeriformes,Furnariidae,Phleocryptes melanops,17,July,2015,Patamo de Ite,3,l,Peru,17,55.483,70,56.302,14.7,13.7,33.51,15.87,13.38,14.625,0.436436885,36.48,16.52,14.98,15.75,0.431743421,0.43399057,321,,1605,16050000,3210000000,3.21,135.1995545,,,,,,,,,,,,,,,,,,,,,,,,,,,,,,,,,,,,,,,,,,,,,,,,,,,,,,,,,,,,,,,,
251360,female,40,no,0,moderado parte cabeza y espalda,moderado,7.51,0.033,0.412,0.112,Passeriformes,Tyrannidae,Tachuris rubrigastra,26,March,2015,Viscachuni,3828,h,Peru,15,48.406,69,59.503,NA,NA,53.64,30.56,29.07,29.815,0.555835198,NA,NA,NA,NA,NA,NA,NA,,NA,NA,NA,NA,NA,,,,,,,,,,,,,,,,,,,,,,,,,,,,,,,,,,,,,,,,,,,,,,,,,,,,,,,,,,,,,,,,
251536,male,60,none,0,leve parte cuello,moderate,14.84,0.056,0.742,0.256,Passeriformes,Furnariidae,Phleocryptes melanops,14,January,2017,Ondores,4050,h,Peru,11,3.325,76,9.391666667,18.8,17.8,34.94,18.41,16.32,17.365,0.496994848,34.64,18.49,16.54,17.515,0.50562933,0.501293475,NA,,NA,NA,NA,NA,NA,,,,,,,,,,,,,,,,,,,,,,,,,,,,,,,,,,,,,,,,,,,,,,,,,,,,,,,,,,,,,,,,
251502,male,50,none,0,none,moderate,8.01,0.044,0.405,0.092,Passeriformes,Tyrannidae,Tachuris rubrigastra,14,July,2016,Playa de Puerto Viejo,1,l,Peru,12,34.495,76,42.208,16.4,15.4,38.55,19.09,17.63,18.36,0.476264591,41.01,20.44,18.5,19.47,0.474762253,0.475490196,NA,,NA,NA,NA,NA,NA,,,,,,,,,,,,,,,,,,,,,,,,,,,,,,,,,,,,,,,,,,,,,,,,,,,,,,,,,,,,,,,,
251544,male,50,none,0,leve,moderate,8.09,0.026,0.404,0.146,Passeriformes,Tyrannidae,Tachuris rubrigastra,16,January,2017,Ondores,4058,h,Peru,11,3.35,76,9.36,17.7,16.7,26.28,12.54,10.37,11.455,0.435882801,34.63,19.04,14.18,16.61,0.479641929,0.46076178,415,,2075,20750000,4150000000,4.15,111.0269349,,,,,,,,,,,,,,,,,,,,,,,,,,,,,,,,,,,,,,,,,,,,,,,,,,,,,,,,,,1,,,,not noted,,
251542,male,20,no,0,light body molt ,light,7.74,0.052,0.4,0.13,Passeriformes,Tyrannidae,Tachuris rubrigastra,16,January,2017,Ondores,4050,h,Peru,11,3.325,76,9.391666667,22.4,21.4,38.41,22.74,20.85,NA,NA,NA,NA,NA,NA,NA,NA,445,,2225,22250000,4450000000,4.45,NA,,,,,,,,,,,,,,,,,,,,,,,,,,,,,,,,,,,,,,,,,,,,,,,,,,,,,,,,,,1,,,,55 min,,whole blood saved wrong NK on tube should be 278536
251509,female,30,4x4mm,1,"S 4 and 5 in sheath, symmetrical; undertail coverts in sheath","moderate, heavy neck",12.62,0.054,0.652,0.154,Passeriformes,Furnariidae,Phleocryptes melanops,15,July,2016,Playa de Puerto Viejo,1,l,Peru,12,34.495,76,42.208,15.8,14.8,NA,NA,NA,NA,NA,NA,NA,NA,NA,NA,NA,NA,,NA,NA,NA,NA,NA,,,,,,,,,,,,,,,,,,,,,,,,,,,,,,,,,,,,,,,,,,,,,,,,,,,,,,,,,,,,,,,,
278543,male,10,4 x 2 mm,1,none,light,7.85,0.04,0.4,0.096,Passeriformes,Tyrannidae,Tachuris rubrigastra,11,December,2017,Laguna Napique,4,l,Peru,5,31.028,80,42.225,18.2,17.2,22.81,11.62,10.21,10.915,0.478518194,28.23,14.19,12.02,13.105,0.464222458,0.470611285,481,,2405,24050000,4810000000,4.81,97.84018405,,,,,,,,,,,,,,,,,,,,,,,,,,,,,,,,,,,,,,,,,,,,,,,,,,,,,,,,,,,,,,,,
251806,female,10,none,0,none,trace,6.97,0.054,0.392,0.13,Passeriformes,Tyrannidae,Tachuris rubrigastra,17,July,2015,Patamo de Ite,3,l,Peru,17,55.483,70,56.302,18.1,17.1,13.18,8.7,6.21,7.455,0.565629742,NA,NA,NA,NA,NA,NA,324,,1620,16200000,3240000000,3.24,NA,,,,,,,,,,,,,,,,,,,,,,,,,,,,,,,,,,,,,,,,,,,,,,,,,,,,,,,,,,1,,,,55 min,,
251816,male,70,none,0,none,none,7.73,0.052,0.392,0.096,Passeriformes,Tyrannidae,Tachuris rubrigastra,18,July,2015,Patamo de Ite,3,l,Peru,17,55.483,70,56.302,17.7,16.7,30.96,17.22,15.61,16.415,0.530200258,16.2,9.9,7.81,8.855,0.546604938,0.535835454,362,,1810,18100000,3620000000,3.62,148.0208436,,,,,,,,,,,,,,,,,,,,,,,,,,,,,,,,,,,,,,,,,,,,,,,,,,,,,,,,,,1,,,,not noted,,
251361,male,25,3x2mm,1,"symmetrical S5,6, light body heavy head neck",light,8.21,0.064,0.388,0.104,Passeriformes,Tyrannidae,Tachuris rubrigastra,26,March,2015,Viscachuni,3828,h,Peru,15,48.406,69,59.503,17.9,16.9,14.5,8.37,6.91,7.64,0.526896552,NA,NA,NA,NA,NA,NA,274,,1370,13700000,2740000000,2.74,NA,,,,,,,,,,,,,,,,,,,,,,,,,,,,,,,,,,,,,,,,,,,,,,,,,,,,,,,,,,1,,,,60 min,,whole blood saved wrong NK on tube should be 278537
278541,male,30,3 x 3 mm,1,none,moderate,12.52,0.052,0.58,0.14,Passeriformes,Furnariidae,Phleocryptes melanops,11,December,2017,Laguna Napique,4,l,Peru,5,31.028,80,42.232,18.4,17.4,22.56,11.31,9.91,10.61,0.470301418,16.36,12.88,6.36,9.62,0.58801956,0.519784173,348,,1740,17400000,3480000000,3.48,149.363268,,,,,,,,,,,,,,,,,,,,,,,,,,,,,,,,,,,,,,,,,,,,,,,,,,,,,,,,,,1,,,,35 min,,
251791,male,10,none,0,none,moderate,7.8,0.062,0.386,0.106,Passeriformes,Tyrannidae,Tachuris rubrigastra,16,July,2015,Patamo de Ite,3,l,Peru,17,55.483,70,56.302,15.3,14.3,42.16,21.7,18.75,20.225,0.479720114,28.69,14.41,12.22,13.315,0.464098989,0.473394495,362,,1810,18100000,3620000000,3.62,130.7719601,,,,,,,,,,,,,,,,,,,,,,,,,,,,,,,,,,,,,,,,,,,,,,,,,,,,,,,,,,,,,,20 mins,,dilution no good
251359,female,40,no,0,abundante parte cabeza,moderado,8,0.052,0.384,0.122,Passeriformes,Tyrannidae,Tachuris rubrigastra,26,March,2015,Viscachuni,3828,h,Peru,15,48.406,69,59.503,NA,NA,NA,NA,NA,NA,NA,NA,NA,NA,NA,NA,NA,NA,,NA,NA,NA,NA,NA,,,,,,,,,,,,,,,,,,,,,,,,,,,,,,,,,,,,,,,,,,,,,,,,,,,,,,,,,,,,,,,,
251549,male,50,none,0,none,moderate,7.38,0.026,0.382,0.092,Passeriformes,Tyrannidae,Tachuris rubrigastra,17,January,2017,Ondores,4058,h,Peru,11,3.35,76,9.36,19.8,18.8,12.52,8.39,6.3,7.345,0.586661342,6.3,5.05,3.48,4.265,0.676984127,0.616896918,423,,2115,21150000,4230000000,4.23,145.8385149,,,,,,,,,,,,,,,,,,,,,,,,,,,,,,,,,,,,,,,,,,,,,,,,,,,,,,,,,,,,,,,,
251818,female,75,none,0,none,trace,7.06,0.068,0.378,0.108,Passeriformes,Tyrannidae,Tachuris rubrigastra,18,July,2015,Patamo de Ite,3,l,Peru,17,55.483,70,56.302,17.6,16.6,29.37,17.01,14.61,15.81,0.538304392,23.46,13.6,10.95,12.275,0.523231032,0.531610827,321,,1605,16050000,3210000000,3.21,165.6108496,,,,,,,,,,,,,,,,,,,,,,,,,,,,,,,,,,,,,,,,,,,,,,,,,,,,,,,,,,,,,,,,
251513,female,10,none,0,missing left two outermost retrices,moderate,6.8,0.052,0.378,0.072,Passeriformes,Tyrannidae,Tachuris rubrigastra,15,July,2016,Playa de Puerto Viejo,1,l,Peru,12,34.495,76,42.208,15.8,14.8,46.97,22.49,20.78,21.635,0.460613157,35.98,17.68,15.78,16.73,0.464980545,0.462507535,NA,,NA,NA,NA,NA,NA,,,,,,,,,,,,,,,,,,,,,,,,,,,,,,,,,,,,,,,,,,,,,,,,,,,,,,,,,,,,,,,,
278547,male,30,6 x 4 mm,1,"light body, head,and neck",light,14.82,0.05,0.759,0.172,Passeriformes,Furnariidae,Phleocryptes melanops,11,December,2017,Laguna Napique,4,l,Peru,5,31.028,80,42.225,17.5,16.5,31.65,16.07,13.49,14.78,0.466982622,21.31,9.67,7.87,8.77,0.411543876,0.444675227,453,,2265,22650000,4530000000,4.53,98.16230167,,,,,,,,,,,,,,,,,,,,,,,,,,,,,,,,,,,,,,,,,,,,,,,,,,,,,,,,,,1,,,,50 min,,whole blood saved
251545,male,50,none,0,none,moderate,8.09,0.028,0.378,0.134,Passeriformes,Tyrannidae,Tachuris rubrigastra,16,January,2017,Ondores,4058,h,Peru,11,3.35,76,9.36,19.6,18.6,37.77,21.31,19.1,20.205,0.534948372,45.89,26.04,24.45,25.245,0.550119852,0.54327038,435,,2175,21750000,4350000000,4.35,124.8897426,,,,,,,,,,,,,,,,,,,,,,,,,,,,,,,,,,,,,,,,,,,,,,,,,,,,,,,,,,,,,,,,
251504,female,40,none,0,none,moderate,7.91,0.05,0.376,NA,Passeriformes,Tyrannidae,Tachuris rubrigastra,14,July,2016,Playa de Puerto Viejo,1,l,Peru,12,34.495,76,42.208,16.1,15.1,25.24,12.8,11.83,12.315,0.487916006,16.98,9.12,7.57,8.345,0.491460542,0.489341544,NA,,NA,NA,NA,NA,NA,,,,,,,,,,,,,,,,,,,,,,,,,,,,,,,,,,,,,,,,,,,,,,,,,,,,,,,,,,,,,,,,
251537,female,20,none,0,none,trace,7.46,0.032,0.376,0.106,Passeriformes,Tyrannidae,Tachuris rubrigastra,15,January,2017,Ondores,4050,h,Peru,11,3.325,76,9.391666667,19.7,18.7,10.1,7.84,5.07,6.455,0.639108911,9.72,6.86,4.96,5.91,0.608024691,0.623864783,NA,,NA,NA,NA,NA,NA,,,,,,,,,,,,,,,,,,,,,,,,,,,,,,,,,,,,,,,,,,,,,,,,,,,,,,,,,,,,,,,,
278527,female,20,no,0,none,abundante,7.85,0.038,0.374,0.084,Passeriformes,Tyrannidae,Tachuris rubrigastra,10,December,2017,Laguna Napique,3,l,Peru,5,31.059,80,42.232,17.4,16.4,NA,NA,NA,NA,NA,NA,NA,NA,NA,NA,NA,NA,,NA,NA,NA,NA,NA,,,,,,,,,,,,,,,,,,,,,,,,,,,,,,,,,,,,,,,,,,,,,,,,,,,,,,,,,,,,,,,,
278513,male,10,none,0,light body,light,14.16,0.048,0.724,0.15,Passeriformes,Furnariidae,Phleocryptes melanops,6,December,2017,Puerto Morin,-1,l,Peru,8,25.597,78,54.225,17.8,16.8,26.03,14.79,12,13.395,0.51459854,26.55,12.88,11.72,12.3,0.463276836,0.48868391,421,,2105,21050000,4210000000,4.21,116.0769383,,,,,,,,,,,,,,,,,,,,,,,,,,,,,,,,,,,,,,,,,,,,,,,,,,,,,,,,,,1,,,,20 min,,whole blood saved
251505,male,50,no,0,leve cuello,moderado,7.24,0.04,0.368,0.108,Passeriformes,Tyrannidae,Tachuris rubrigastra,14,July,2016,Playa de Puerto Viejo,1,l,Peru,12,34.495,76,42.208,16.5,15.5,16.19,9.81,7.98,8.895,0.549413218,8.57,5.63,3.87,4.75,0.554259043,0.551090468,NA,,NA,NA,NA,NA,NA,,,,,,,,,,,,,,,,,,,,,,,,,,,,,,,,,,,,,,,,,,,,,,,,,,,,,,,,,,,,,,,,
251349,female,20,none,0,"heavy body neck, very heavy head, inermost ss",light,7.81,0.048,0.364,0.092,Passeriformes,Tyrannidae,Tachuris rubrigastra,25,March,2015,Viscachuni,3828,h,Peru,15,48.406,69,59.503,NA,NA,NA,NA,NA,NA,NA,NA,NA,NA,NA,NA,NA,NA,,NA,NA,NA,NA,NA,,,,,,,,,,,,,,,,,,,,,,,,,,,,,,,,,,,,,,,,,,,,,,,,,,,,,,,,,,,,,,,,
279154,male,5,none,0,"R8, 7, 6, L P6,5, entire tail in sheath; heavy head and body",trace,15.2,0.046,0.524,0.15,Passeriformes,Furnariidae,Phleocryptes melanops,23,January,2019,Estero Mantagua,8,l,Chile,32,53.096,71,30.49,16,15,35.28,17.42,15.19,16.305,0.462159864,31.33,16.91,11.94,14.425,0.460421321,0.461342141,403,,2015,20150000,4030000000,4.03,114.476958,,,,,,,,,,,,,,,,,,,,,,,,,,,,,,,,,,,,,,,,,,,,,,,,,,,,,,,,,,,,,,,,
278538,female,30,3 x 2 mm,1,none,moderado,7.62,0.044,0.364,0.076,Passeriformes,Tyrannidae,Tachuris rubrigastra,11,December,2017,Laguna Napique,4,l,Peru,5,31.028,80,42.225,16.7,15.7,26.37,13.13,10.42,11.775,0.446530148,23.46,12.1,10.26,11.18,0.47655584,0.460666265,420,,2100,21000000,4200000000,4.2,109.6824441,,,,,,,,,,,,,,,,,,,,,,,,,,,,,,,,,,,,,,,,,,,,,,,,,,,,,,,,,,,,,,,,
278504,female,40,no,0,none,abundante,6.08,0.044,0.364,0.078,Passeriformes,Tyrannidae,Tachuris rubrigastra,5,December,2017,Puerto Morin,0,l,Peru,8,25.6,78,54.249,19.4,18.4,NA,NA,NA,NA,NA,NA,NA,NA,NA,NA,NA,NA,,NA,NA,NA,NA,NA,,,,,,,,,,,,,,,,,,,,,,,,,,,,,,,,,,,,,,,,,,,,,,,,,,,,,,,,,,1,,,,40 min,,no Hct
278505,male,20,4 x 3 mm,1,moderate body,light,6.9,0.04,0.364,0.107,Passeriformes,Tyrannidae,Tachuris rubrigastra,5,December,2017,Puerto Morin,0,l,Peru,8,25.548,78,54.123,17.8,16.8,NA,NA,NA,NA,NA,NA,NA,NA,NA,NA,NA,NA,,NA,NA,NA,NA,NA,,,,,,,,,,,,,,,,,,,,,,,,,,,,,,,,,,,,,,,,,,,,,,,,,,,,,,,,,,,,,,,,
251548,male,60,none,0,none,moderate,7.52,0.03,0.362,0.104,Passeriformes,Tyrannidae,Tachuris rubrigastra,17,January,2017,Ondores,4058,h,Peru,11,3.35,76,9.36,18.5,17.5,25.98,14.8,14.02,14.41,0.554657429,NA,NA,NA,NA,NA,NA,407,,2035,20350000,4070000000,4.07,NA,,,,,,,,,,,,,,,,,,,,,,,,,,,,,,,,,,,,,,,,,,,,,,,,,,,,,,,,,,1,,,,65 min,,whole blood saved wrong NK on tube should be 278538
251799,female,50,no,0,no,moderado,7.21,0.044,0.36,0.088,Passeriformes,Tyrannidae,Tachuris rubrigastra,17,July,2015,Patamo de Ite,3,l,Peru,17,55.483,70,56.302,16.3,15.3,15.88,8.65,6.63,7.64,0.481108312,9.54,6.49,3.78,5.135,0.538259958,0.502557042,347,,1735,17350000,3470000000,3.47,144.8291186,,,,,,,,,,,,,,,,,,,,,,,,,,,,,,,,,,,,,,,,,,,,,,,,,,,,,,,,,,1,,,,45 min,,bad spin!! centrifuge is on the fritz
251531,male,10,none,0,trace head molt,light,8.09,0.044,0.36,0.1,Passeriformes,Tyrannidae,Tachuris rubrigastra,13,January,2017,Ondores,4060,h,Peru,11,3.298,76,9.394,20.5,19.5,38.52,21.76,18.12,19.94,0.517653167,29.82,16.44,14.87,15.655,0.524983233,0.520851624,385,,1925,19250000,3850000000,3.85,135.2861362,,,,,,,,,,,,,,,,,,,,,,,,,,,,,,,,,,,,,,,,,,,,,,,,,,,,,,,,,,,,,,,,
251819,female,100,no,0,no,moderado,6.9,0.034,0.36,0.098,Passeriformes,Tyrannidae,Tachuris rubrigastra,18,July,2015,Patamo de Ite,3,l,Peru,17,55.483,70,56.302,16.6,15.6,18.28,11,8.7,9.85,0.538840263,11.16,6.82,4.72,5.77,0.51702509,0.530570652,314,,1570,15700000,3140000000,3.14,168.9715453,,,,,,,,,,,,,,,,,,,,,,,,,,,,,,,,,,,,,,,,,,,,,,,,,,,,,,,,,,,,,,,,
251514,female,50,no,0,none,moderado,6.6,0.064,0.356,0.076,Passeriformes,Tyrannidae,Tachuris rubrigastra,15,July,2016,Playa de Puerto Viejo,1,l,Peru,12,34.495,76,42.208,16.4,15.4,30.56,16.79,14.79,15.79,0.516688482,30.48,16.89,14.07,15.48,0.507874016,0.512287025,NA,,NA,NA,NA,NA,NA,,,,,,,,,,,,,,,,,,,,,,,,,,,,,,,,,,,,,,,,,,,,,,,,,,,,,,,,,,,,,,,,
278512,female,30,none,0,light body molt,moderate,6.64,0.038,0.356,0.102,Passeriformes,Tyrannidae,Tachuris rubrigastra,6,December,2017,Puerto Morin,-1,l,Peru,8,25.548,78,54.123,20.2,19.2,30.22,14.46,10.91,12.685,0.419755129,50.35,30.1,27.48,28.79,0.571797418,0.514769765,386,,1930,19300000,3860000000,3.86,133.3600429,,,,,,,,,,,,,,,,,,,,,,,,,,,,,,,,,,,,,,,,,,,,,,,,,,,,,,,,,,,,,,,,
251541,female,30,none,0,none,moderate,7.48,0.036,0.354,0.12,Passeriformes,Tyrannidae,Tachuris rubrigastra,16,January,2017,Ondores,4050,h,Peru,11,3.325,76,9.391666667,20.5,19.5,36.17,22.63,20.5,21.565,0.596212331,33.97,21.22,19.18,20.2,0.594642331,0.595451953,330,,1650,16500000,3300000000,3.3,180.4399858,,,,,,,,,,,,,,,,,,,,,,,,,,,,,,,,,,,,,,,,,,,,,,,,,,,,,,,,,,,,,,,,
251547,male,20,none,0,missing outermost two right retrices,light,7.68,0.026,0.354,0.124,Passeriformes,Tyrannidae,Tachuris rubrigastra,17,January,2017,Ondores,4058,h,Peru,11,3.35,76,9.36,17.4,16.4,23.6,13.27,12.15,12.71,0.538559322,30.84,18.9,15.09,16.995,0.551070039,0.545646583,516,,2580,25800000,5160000000,5.16,105.7454619,,,,,,,,,,,,,,,,,,,,,,,,,,,,,,,,,,,,,,,,,,,,,,,,,,,,,,,,,,,,,,30 min,,whole blood saved
278545,male,20,7 x 4 mm,1,none,abundante,7.15,0.054,0.352,0.104,Passeriformes,Tyrannidae,Tachuris rubrigastra,11,December,2017,Laguna Napique,4,l,Peru,5,31.028,80,42.225,18.7,17.7,26.7,14.36,11.95,13.155,0.492696629,24.31,12.64,10.67,11.655,0.479432332,0.486375221,NA,,NA,NA,NA,NA,NA,,,,,,,,,,,,,,,,,,,,,,,,,,,,,,,,,,,,,,,,,,,,,,,,,,,,,,,,,,1,,,,30 min,,"no dilution, Hct tube 2 leaked at bottom"
251358,female,40,no,0,parte cabeza y cuerpo moderado,moderado,7.8,0.042,0.35,0.104,Passeriformes,Tyrannidae,Tachuris rubrigastra,26,March,2015,Viscachuni,3828,h,Peru,15,48.406,69,59.503,18.7,17.7,16.42,10.04,8.01,9.025,0.549634592,13.45,8.03,6.45,7.24,0.538289963,0.544526281,392,,1960,19600000,3920000000,3.92,138.9097654,,,,,,,,,,,,,,,,,,,,,,,,,,,,,,,,,,,,,,,,,,,,,,,,,,,,,,,,,,1,,,,45 min,,whole blood saved
251497,female,40,none,0,missing left 5 retrices,moderate,6.56,0.026,0.348,0.078,Passeriformes,Tyrannidae,Tachuris rubrigastra,13,July,2016,Playa de Puerto Viejo,1,l,Peru,12,34.495,76,42.208,,-1,NA,NA,NA,NA,NA,NA,NA,NA,NA,NA,NA,422,,2110,21100000,4220000000,4.22,NA,,,,,,,,,,,,,,,,,,,,,,,,,,,,,,,,,,,,,,,,,,,,,,,,,,,,,,,,,,,,,,,,
251497,female,40,none,0,missing left five retrices,moderate,6.56,0.026,0.348,0.078,Passeriformes,Tyrannidae,Tachuris rubrigastra,13,July,2016,Playa de Puerto Viejo,1,l,Peru,12,34.495,76,42.208,15.5,14.5,24.32,16.17,15.52,15.845,0.651521382,39.47,18.4,17.17,17.785,0.450595389,0.52719862,NA,,NA,NA,NA,NA,NA,,,,,,,,,,,,,,,,,,,,,,,,,,,,,,,,,,,,,,,,,,,,,,,,,,,,,,,,,,1,,,,1 hr,,bad spin!! centrifuge is on the fritz
278520,female,30,no,0,none,abundante,6.54,0.024,0.346,0.09,Passeriformes,Tyrannidae,Tachuris rubrigastra,7,December,2017,Puerto Morin,0,l,Peru,8,25.548,78,54.123,21.1,20.1,25.21,15.22,13.19,14.205,0.563466878,20.73,12.68,10.52,11.6,0.559575494,0.561710927,460,,2300,23000000,4600000000,4.6,122.1110712,,,,,,,,,,,,,,,,,,,,,,,,,,,,,,,,,,,,,,,,,,,,,,,,,,,,,,,,,,1,,,,45 min,,
278525,female,30,none,0,none,moderate,8.51,0.056,0.344,0.13,Passeriformes,Tyrannidae,Tachuris rubrigastra,10,December,2017,Laguna Napique,3,l,Peru,5,31.059,80,42.232,19.5,18.5,5.7,2.9,0.82,1.86,0.326315789,15.41,8.22,5.97,7.095,0.460415315,0.424206537,353,,1765,17650000,3530000000,3.53,120.1718236,,,,,,,,,,,,,,,,,,,,,,,,,,,,,,,,,,,,,,,,,,,,,,,,,,,,,,,,,,,,,,,,
251812,female,10,none,0,none,trace,7.07,0.05,0.344,0.074,Passeriformes,Tyrannidae,Tachuris rubrigastra,18,July,2015,Patamo de Ite,3,l,Peru,17,55.483,70,56.302,16.8,15.8,38.44,16.45,14.01,15.23,0.396201873,36.31,19.1,16.77,17.935,0.493941063,0.44367893,261,MAY BE BAD COUNT CELLS NOT SETTLED!!!!,1305,13050000,2610000000,2.61,169.9919271,,,,,,,,,,,,,,,,,,,,,,,,,,,,,,,,,,,,,,,,,,,,,,,,,,,,,,,,,,,,,,not noted,,no blood to spin
278526,male,40,none,0,none,light,7.4,0.054,0.342,0.098,Passeriformes,Tyrannidae,Tachuris rubrigastra,10,December,2017,Laguna Napique,4,l,Peru,,,,,15.7,14.7,21.04,9.77,7.88,8.825,0.419439163,14.36,7.98,4.94,6.46,0.449860724,0.431779661,379,,1895,18950000,3790000000,3.79,113.9260319,,,,,,,,,,,,,,,,,,,,,,,,,,,,,,,,,,,,,,,,,,,,,,,,,,,,,,,,,,1,,,,2 hr,,
278528,male,40,none,0,none,heavy,8.1,0.028,0.342,0.084,Passeriformes,Tyrannidae,Tachuris rubrigastra,10,December,2017,Laguna Napique,3,l,Peru,5,31.028,80,42.232,21.1,20.1,29.62,16.66,15.04,15.85,0.535111411,27.81,16.35,13.63,14.99,0.539014743,0.537001567,398,,1990,19900000,3980000000,3.98,134.9250169,,,,,,,,,,,,,,,,,,,,,,,,,,,,,,,,,,,,,,,,,,,,,,,,,,,,,,,,,,,,,,,,
278544,male,10,5 x 4 mm,1,light body,light,7.33,0.036,0.338,0.098,Passeriformes,Tyrannidae,Tachuris rubrigastra,11,December,2017,Laguna Napique,6,l,Peru,5,31.026,80,42.232,16.3,15.3,17.34,10.26,5.88,8.07,0.465397924,31.97,14.85,12.89,13.87,0.433844229,0.444940174,390,,1950,19500000,3900000000,3.9,114.0872242,,,,,,,,,,,,,,,,,,,,,,,,,,,,,,,,,,,,,,,,,,,,,,,,,,,,,,,,,,,,,,,,
251820,female,70,none,0,none,none,7.09,0.046,0.336,0.09,Passeriformes,Tyrannidae,Tachuris rubrigastra,18,July,2015,Patamo de Ite,3,l,Peru,17,55.483,70,56.302,18.5,17.5,NA,NA,NA,NA,NA,NA,NA,NA,NA,NA,NA,NA,,NA,NA,NA,NA,NA,,,,,,,,,,,,,,,,,,,,,,,,,,,,,,,,,,,,,,,,,,,,,,,,,,,,,,,,,,,,,,,,
278524,female,30,none,0,none,moderado,6.48,0.026,0.336,0.096,Passeriformes,Tyrannidae,Tachuris rubrigastra,8,December,2017,Puerto Morin,0,l,Peru,8,25.548,78,54.123,20.5,19.5,15.7,9.37,6.95,8.16,0.519745223,19.7,11.7,8.76,10.23,0.51928934,0.519491525,399,,1995,19950000,3990000000,3.99,130.1983773,,,,,,,,,,,,,,,,,,,,,,,,,,,,,,,,,,,,,,,,,,,,,,,,,,,,,,,,,,1,,,,50 min,,whole blood saved
279151,male,15,not found,0,light body,light,6.5,0.034,0.334,0.068,Passeriformes,Tyrannidae,Tachuris rubrigastra,23,January,2019,Estero Mantagua,8,l,Chile,32,53.096,71,30.49,16.4,15.4,14.38,8.59,6.07,7.33,0.509735744,42.22,20.47,18.26,19.365,0.458668877,0.47164311,382,,1910,19100000,3820000000,3.82,123.4667826,,,,,,,,,,,,,,,,,,,,,,,,,,,,,,,,,,,,,,,,,,,,,,,,,,,,,,,,,,,,,,,,
251507,male,60,no,0,none,moderado,13.89,0.034,0.778,0.158,Passeriformes,Furnariidae,Phleocryptes melanops,14,July,2016,Playa de Puerto Viejo,1,l,Peru,12,34.495,76,42.208,16.6,15.6,37.83,18.31,17.16,17.735,0.468807824,16.32,9.5,7.31,8.405,0.515012255,0.482733149,NA,,NA,NA,NA,NA,NA,,,,,,,,,,,,,,,,,,,,,,,,,,,,,,,,,,,,,,,,,,,,,,,,,,,,,,,,,,,,,,,,
251511,male,30,none,0,none,modrate,7.44,0.042,0.332,0.078,Passeriformes,Tyrannidae,Tachuris rubrigastra,15,July,2016,Playa de Puerto Viejo,1,l,Peru,12,34.495,76,42.208,16.3,15.3,47.72,24.68,23.19,23.935,0.501571668,49.86,25.05,23.09,24.07,0.482751705,0.491955319,NA,,NA,NA,NA,NA,NA,,,,,,,,,,,,,,,,,,,,,,,,,,,,,,,,,,,,,,,,,,,,,,,,,,,,,,,,,,,,,,,,
278523,female,30,none,0,none,light,6.14,0.03,0.33,0.096,Passeriformes,Tyrannidae,Tachuris rubrigastra,8,December,2017,Puerto Morin,0,l,Peru,8,25.6,78,54.249,19.9,18.9,13.35,8.98,5.84,7.41,0.55505618,9.54,6.74,3.94,5.34,0.559748428,0.557011796,275,,1375,13750000,2750000000,2.75,202.5497438,,,,,,,,,,,,,,,,,,,,,,,,,,,,,,,,,,,,,,,,,,,,,,,,,,,,,,,,,,,,,,,,
278511,female,20,no,0,none,moderado,6.37,0.024,0.33,0.098,Passeriformes,Tyrannidae,Tachuris rubrigastra,6,December,2017,Puerto Morin,-1,l,Peru,8,25.548,78,54.123,19.3,18.3,42.27,24.44,21.9,23.17,0.548142891,32.8,19.36,16.96,18.16,0.553658537,0.550552817,330,,1650,16500000,3300000000,3.3,166.8341871,,,,,,,,,,,,,,,,,,,,,,,,,,,,,,,,,,,,,,,,,,,,,,,,,,,,,,,,,,,,,,,,
278516,female,20,no,0,none,moderado,6.37,0.024,0.33,0.098,Passeriformes,Tyrannidae,Tachuris rubrigastra,7,December,2017,Puerto Morin,0,l,Peru,8,25.548,78,54.123,22,21,28.88,16.28,13.88,15.08,0.522160665,19.04,11.64,9.63,10.635,0.558560924,0.536623539,479,,2395,23950000,4790000000,4.79,112.0299664,,,,,,,,,,,,,,,,,,,,,,,,,,,,,,,,,,,,,,,,,,,,,,,,,,,,,,,,,,,,,,,,
278536,male,40,none,0,none,light,7.06,0.056,0.324,0.098,Passeriformes,Tyrannidae,Tachuris rubrigastra,11,December,2017,Laguna Napique,6,l,Peru,5,31.026,80,42.232,17.6,16.6,30.62,15.7,12.74,14.22,0.464402351,23.56,12.98,10.13,11.555,0.490449915,0.475729051,428,,2140,21400000,4280000000,4.28,111.1516475,,,,,,,,,,,,,,,,,,,,,,,,,,,,,,,,,,,,,,,,,,,,,,,,,,,,,,,,,,,,,,,,
251515,female,10,2x2mm,1,none,moderate,6.92,0.048,0.324,0.086,Passeriformes,Tyrannidae,Tachuris rubrigastra,15,July,2016,Playa de Puerto Viejo,1,l,Peru,12,34.495,76,42.208,16.2,15.2,39.31,19.73,18.21,18.97,0.482574409,29.25,15.02,13.41,14.215,0.485982906,0.484028588,NA,,NA,NA,NA,NA,NA,,,,,,,,,,,,,,,,,,,,,,,,,,,,,,,,,,,,,,,,,,,,,,,,,,,,,,,,,,,,,,,,
278518,female,60,no,0,none,moderado,6.19,0.04,0.324,0.078,Passeriformes,Tyrannidae,Tachuris rubrigastra,7,December,2017,Puerto Morin,-1,l,Peru,8,25.548,78,54.123,19,18,15.71,8.93,6.51,7.72,0.491406747,9.72,6.67,4.33,5.5,0.565843621,0.519858435,485,,2425,24250000,4850000000,4.85,107.1873062,,,,,,,,,,,,,,,,,,,,,,,,,,,,,,,,,,,,,,,,,,,,,,,,,,,,,,,,,,1,,,,30 min,,
251510,female,60,no,0,none,moderado,6.39,0.05,0.322,0.078,Passeriformes,Tyrannidae,Tachuris rubrigastra,15,July,2016,Playa de Puerto Viejo,1,l,Peru,12,34.495,76,42.208,15.5,14.5,NA,NA,NA,NA,NA,NA,NA,NA,NA,NA,NA,NA,,NA,NA,NA,NA,NA,,,,,,,,,,,,,,,,,,,,,,,,,,,,,,,,,,,,,,,,,,,,,,,,,,,,,,,,,,,,,,,,
251506,male,50,none,0,none,moderate,7,0.036,0.322,NA,Passeriformes,Tyrannidae,Tachuris rubrigastra,14,July,2016,Playa de Puerto Viejo,1,l,Peru,12,34.495,76,42.208,17.4,16.4,NA,NA,NA,NA,NA,NA,NA,NA,NA,NA,NA,NA,,NA,NA,NA,NA,NA,,,,,,,,,,,,,,,,,,,,,,,,,,,,,,,,,,,,,,,,,,,,,,,,,,,,,,,,,,,,,,,,
251534,female,20,not found,0,none,trace,7.73,0.03,0.32,0.114,Passeriformes,Tyrannidae,Tachuris rubrigastra,14,January,2017,Ondores,4056,h,Peru,11,3.192,76,9.21,16.2,15.2,36.72,21.62,19.03,20.325,0.553513072,18.25,11.11,7.8,9.455,0.518082192,0.541750045,416,,2080,20800000,4160000000,4.16,130.2283763,,,,,,,,,,,,,,,,,,,,,,,,,,,,,,,,,,,,,,,,,,,,,,,,,,,,,,,,,,,,,,not noted,,whole blood saved
251512,male,50,no,0,leve,moderado,6.47,0.026,0.32,0.086,Passeriformes,Tyrannidae,Tachuris rubrigastra,15,July,2016,Playa de Puerto Viejo,1,l,Peru,12,34.495,76,42.208,16,15,51.08,22.94,22.39,22.665,0.44371574,52.33,27.3,24.49,25.895,0.494840436,0.469587081,NA,,NA,NA,NA,NA,NA,,,,,,,,,,,,,,,,,,,,,,,,,,,,,,,,,,,,,,,,,,,,,,,,,,,,,,,,,,1,,,,70 min,,whole blood saved wrong NK on tube should be 278539
278542,male,30,no,0,none,abundante,7.02,0.046,0.314,0.086,Passeriformes,Tyrannidae,Tachuris rubrigastra,11,December,2017,Laguna Napique,4,l,Peru,5,31.028,80,42.225,17.6,16.6,NA,NA,NA,NA,NA,NA,NA,NA,NA,NA,NA,NA,,NA,NA,NA,NA,NA,,,,,,,,,,,,,,,,,,,,,,,,,,,,,,,,,,,,,,,,,,,,,,,,,,,,,,,,,,,,,,,,
278539,female,40,1.5 x 1.5 mm,1,none,light,6.05,0.028,0.309,0.089,Passeriformes,Tyrannidae,Tachuris rubrigastra,11,December,2017,Laguna Napique,3,l,Peru,5,31.059,80,42.232,18.9,17.9,23.9,12.86,11.53,12.195,0.510251046,NA,NA,NA,NA,NA,NA,457,,2285,22850000,4570000000,4.57,NA,,,,,,,,,,,,,,,,,,,,,,,,,,,,,,,,,,,,,,,,,,,,,,,,,,,,,,,,,,,,,,,,
251798,male,50,not found,0,none,trace,7.2,0.028,0.308,0.094,Passeriformes,Tyrannidae,Tachuris rubrigastra,17,July,2015,Patamo de Ite,3,l,Peru,17,55.483,70,56.302,17,16,24.54,12.91,9.99,11.45,0.466585167,30.17,16.14,10.99,13.565,0.449618827,0.457229026,396,,1980,19800000,3960000000,3.96,115.4618752,,,,,,,,,,,,,,,,,,,,,,,,,,,,,,,,,,,,,,,,,,,,,,,,,,,,,,,,,,,,,,,,
278502,male,10,none,0,"none, missing left outer retrix",trace,7.17,0.042,0.3,0.072,Passeriformes,Tyrannidae,Tachuris rubrigastra,5,December,2017,Puerto Morin,0,l,Peru,8,25.6,78,54.249,18.8,17.8,18.56,11.56,8.58,10.07,0.542564655,NA,NA,NA,NA,NA,NA,NA,,NA,NA,NA,NA,NA,,,,,,,,,,,,,,,,,,,,,,,,,,,,,,,,,,,,,,,,,,,,,,,,,,,,,,,,,,,,,,,,
251825,female,60,none,0,none,moderate,7.44,0.038,0.298,0.078,Passeriformes,Tyrannidae,Tachuris rubrigastra,18,July,2015,Patamo de Ite,3,l,Peru,17,55.483,70,56.302,14.6,13.6,16.26,10.21,5.66,7.935,0.48800738,17.32,8.92,5.98,7.45,0.430138568,0.458159619,322,,1610,16100000,3220000000,3.22,142.2855959,,,,,,,,,,,,,,,,,,,,,,,,,,,,,,,,,,,,,,,,,,,,,,,,,,,,,,,,,,,,,,,,
251346,male,30,none,0,"secondaries-1,2,3,4 symetrical, in sheath",trace,8.76,0.058,0.296,0.092,Passeriformes,Tyrannidae,Tachuris rubrigastra,25,March,2015,Viscachuni,3828,h,Peru,15,48.406,69,59.503,18.6,17.6,16.64,10.3,7.05,8.675,0.521334135,NA,NA,NA,NA,NA,NA,NA,,NA,NA,NA,NA,NA,,,,,,,,,,,,,,,,,,,,,,,,,,,,,,,,,,,,,,,,,,,,,,,,,,,,,,,,,,,,,,,,
278537,female,30,4 x 2 mm,1,none,trace,6.15,0.054,0.29,0.084,Passeriformes,Tyrannidae,Tachuris rubrigastra,11,December,2017,Laguna Napique,4,l,Peru,5,31.026,80,42.232,17.6,16.6,24.37,12.35,11.01,11.68,0.479277801,25.22,12.45,11.46,11.955,0.474028549,0.476608187,465,,2325,23250000,4650000000,4.65,102.4963843,,,,,,,,,,,,,,,,,,,,,,,,,,,,,,,,,,,,,,,,,,,,,,,,,,,,,,,,,,,,,,,,
279157,male,1,4 x 2 mm,1,heavy head and body,trace,7.1,0.028,0.284,0.084,Passeriformes,Tyrannidae,Tachuris rubrigastra,23,January,2019,Estero Mantagua,8,l,Chile,32,53.096,71,30.49,17,16,16.33,9.15,7.58,8.365,0.512247397,NA,NA,NA,NA,NA,NA,487,,2435,24350000,4870000000,4.87,NA,,,,,,,,,,,,,,,,,,,,,,,,,,,,,,,,,,,,,,,,,,,,,,,,,,,,,,,,,,1,,,,35 min,,
278522,female,30,none,0,none,trace,6.37,0.042,0.282,0.072,Passeriformes,Tyrannidae,Tachuris rubrigastra,7,December,2017,Puerto Morin,0,l,Peru,8,25.6,78,54.249,17.9,16.9,35.81,23.82,22.38,23.1,0.645071209,NA,NA,NA,NA,NA,NA,NA,,NA,NA,NA,NA,NA,,,,,,,,,,,,,,,,,,,,,,,,,,,,,,,,,,,,,,,,,,,,,,,,,,,,,,,,,,,,,,,,
279148,male,15,5x2 mm,1,P3-P4 symmetrical; moderate body molt,light,6.7,0.04,0.28,0.068,Passeriformes,Tyrannidae,Tachuris rubrigastra,23,January,2019,Estero Mantagua,8,l,Chile,32,53.096,71,30.49,17.1,16.1,10.27,6.96,4.43,5.695,0.554527751,19.91,11.08,8.9,9.99,0.501757911,0.519715043,553,,2765,27650000,5530000000,5.53,93.98102045,,,,,,,,,,,,,,,,,,,,,,,,,,,,,,,,,,,,,,,,,,,,,,,,,,,,,,,,,,1,,,,53 min,,whole blood saved?
279159,female,10,not found,0,moderate body,light,6.5,0.032,0.26,0.064,Passeriformes,Tyrannidae,Tachuris rubrigastra,23,January,2019,Estero Mantagua,8,l,Chile,32,53.096,71,30.49,16.9,15.9,41.07,19.76,16.94,18.35,0.44679815,25.99,13.19,11.01,12.1,0.465563678,0.454070981,618,,3090,30900000,6180000000,6.18,73.4742688,,,,,,,,,,,,,,,,,,,,,,,,,,,,,,,,,,,,,,,,,,,,,,,,,,,,,,,,,,1,,,,1.5 hr,,
279150,male,80,not present,0,moderate head and body,trace,6.2,0.016,0.244,0.074,Passeriformes,Tyrannidae,Tachuris rubrigastra,23,January,2019,Estero Mantagua,8,l,Chile,32,53.096,71,30.49,14.8,13.8,57.92,25.21,22.74,23.975,0.413933011,30.02,15.22,11.04,13.13,0.437375083,0.421935411,480,,2400,24000000,4800000000,4.8,87.90321052,,,,,,,,,,,,,,,,,,,,,,,,,,,,,,,,,,,,,,,,,,,,,,,,,,,,,,,,,,1,,,,25 min,,whole blood saved
279158,male,5,not found,0,no wing or tail molt; light body molt,none,5.7,0.038,0.232,NA,Passeriformes,Tyrannidae,Tachuris rubrigastra,23,January,2019,Estero Mantagua,8,l,Chile,32,53.096,71,30.49,15.4,14.4,34.01,16.09,13.97,15.03,0.441928844,56.96,25.78,22.73,24.255,0.42582514,0.431845663,435,,2175,21750000,4350000000,4.35,99.27486515,,,,,,,,,,,,,,,,,,,,,,,,,,,,,,,,,,,,,,,,,,,,,,,,,,,,,,,,,,,,,,,,
279152,female,10,4 x 3 mm,1,heavy head and body,trace,5.3,0.02,0.188,0.072,Passeriformes,Tyrannidae,Tachuris rubrigastra,23,January,2019,Estero Mantagua,8,l,Chile,32,53.096,71,30.49,17.5,16.5,15.77,9.95,6.89,8.42,0.533925174,NA,NA,NA,NA,NA,NA,526,,2630,26300000,5260000000,5.26,NA,,,,,,,,,,,,,,,,,,,,,,,,,,,,,,,,,,,,,,,,,,,,,,,,,,,,,,,,,,,,,,,,
279144,female,10,3 x 2 mm,1,moderate head and body,light,5.9,0.024,0.116,0.068,Passeriformes,Tyrannidae,Tachuris rubrigastra,23,January,2019,Estero Mantagua,8,l,Chile,32,53.096,71,30.49,16.2,15.2,53.88,26.96,23.89,25.425,0.47188196,51.56,25.4,22.68,24.04,0.466252909,0.469129363,484,,2420,24200000,4840000000,4.84,96.92755427,,,,,,,,,,,,,,,,,,,,,,,,,,,,,,,,,,,,,,,,,,,,,,,,,,,,,,,,,,,,,,,,